no,firstname,lastname,gender,birthday,note
1,McGinnis,Phila,male, PA,9119
2,Repici,Riverside,female, NJ,8075
3,Tyler,SomeTown,male,SD,91234
4,Blankman,SomeTown,male, SD,298
5,Jet, SD,male,CO,123
6,McGinnis,Phila,male, PA,9119
7,Repici,Riverside,female, NJ,8075
8,Tyler,SomeTown,male,SD,91234
9,Blankman,SomeTown,male, SD,298
10,Jet, SD,male,CO,123
11,McGinnis,Phila,male, PA,9119
12,Repici,Riverside,female, NJ,8075
13,Tyler,SomeTown,male,SD,91234
14,Blankman,SomeTown,male, SD,298
15,Jet, SD,male,CO,123
16,McGinnis,Phila,male, PA,9119
17,Repici,Riverside,female, NJ,8075
18,Tyler,SomeTown,male,SD,91234
19,Blankman,SomeTown,male, SD,298
20,Jet, SD,male,CO,123
21,McGinnis,Phila,male, PA,9119
22,Repici,Riverside,female, NJ,8075
23,Tyler,SomeTown,male,SD,91234
24,Blankman,SomeTown,male, SD,298
25,Jet, SD,male,CO,123
26,McGinnis,Phila,male, PA,9119
27,Repici,Riverside,female, NJ,8075
28,Tyler,SomeTown,male,SD,91234
29,Blankman,SomeTown,male, SD,298
30,Jet, SD,male,CO,123
31,McGinnis,Phila,male, PA,9119
32,Repici,Riverside,female, NJ,8075
33,Tyler,SomeTown,male,SD,91234
34,Blankman,SomeTown,male, SD,298
35,Jet, SD,male,CO,123
36,McGinnis,Phila,male, PA,9119
37,Repici,Riverside,female, NJ,8075
38,Tyler,SomeTown,male,SD,91234
39,Blankman,SomeTown,male, SD,298
40,Jet, SD,male,CO,123
41,McGinnis,Phila,male, PA,9119
42,Repici,Riverside,female, NJ,8075
43,Tyler,SomeTown,male,SD,91234
44,Blankman,SomeTown,male, SD,298
45,Jet, SD,male,CO,123
46,McGinnis,Phila,male, PA,9119
47,Repici,Riverside,female, NJ,8075
48,Tyler,SomeTown,male,SD,91234
49,Blankman,SomeTown,male, SD,298
50,Jet, SD,male,CO,123
51,McGinnis,Phila,male, PA,9119
52,Repici,Riverside,female, NJ,8075
53,Tyler,SomeTown,male,SD,91234
54,Blankman,SomeTown,male, SD,298
55,Jet, SD,male,CO,123
56,Blankman,SomeTown,male, SD,298
57,Jet, SD,male,CO,123
58,McGinnis,Phila,male, PA,9119
59,Repici,Riverside,female, NJ,8075
60,Tyler,SomeTown,male,SD,91234
61,Blankman,SomeTown,male, SD,298
62,Jet, SD,male,CO,123
63,McGinnis,Phila,male, PA,9119
64,Repici,Riverside,female, NJ,8075
65,Tyler,SomeTown,male,SD,91234
66,Blankman,SomeTown,male, SD,298
67,Jet, SD,male,CO,123
68,McGinnis,Phila,male, PA,9119
69,Repici,Riverside,female, NJ,8075
70,Tyler,SomeTown,male,SD,91234
71,Blankman,SomeTown,male, SD,298
72,Jet, SD,male,CO,123
73,McGinnis,Phila,male, PA,9119
74,Repici,Riverside,female, NJ,8075
75,Tyler,SomeTown,male,SD,91234
76,Blankman,SomeTown,male, SD,298
77,Jet, SD,male,CO,123
78,McGinnis,Phila,male, PA,9119
79,Repici,Riverside,female, NJ,8075
80,Tyler,SomeTown,male,SD,91234
81,Blankman,SomeTown,male, SD,298
82,Jet, SD,male,CO,123
83,McGinnis,Phila,male, PA,9119
84,Repici,Riverside,female, NJ,8075
85,Tyler,SomeTown,male,SD,91234
86,Blankman,SomeTown,male, SD,298
87,Jet, SD,male,CO,123
